{
    "closures": [],
    "cfg_time": 0.44217920303344727,
    "vra_time": 2.258478879928589,
    "path": "/home/mdf/FirmSieve/stage1/firm/Tenda/analyzed/_US_AC15V1.0BR_V15.03.05.18_multi_TD01.bin.extracted/squashfs-root/bin/sntp",
    "name": "sntp",
    "has_sinks": true,
    "sha256": "70e37f3f9847c6c20b67b7d57c340a81dd8474a379d7db3771cb61506aee9c7b",
    "sink_times": {},
    "error": null,
    "sieve_time": 5.755611419677734,
    "sinks": {
        "doSystemCmd": 4
    },
    "time_data": {
        "0x90cc -> 0x884c": {
            "taint_time": 3.278127908706665,
            "rda_time": 2.3597300052642822
        }
    }
}